1.394131,-1.099300,-0.762527,-0.433664,-0.937484,-1.064272,0.553909,-225.012991
0.633585,-0.414379,-0.699077,0.817687,0.463827,-0.684704,1.003810,-21.092331
0.774912,0.874786,-0.827870,-0.161894,0.489331,1.140204,-0.582272,115.959539
0.124246,0.172818,-0.469949,-0.458344,-1.736401,0.508329,0.224324,-47.866386
0.554147,1.027356,0.567737,1.610915,0.266191,-0.949180,-1.193281,75.967501
0.253474,1.449348,-0.195252,0.607533,0.544382,-0.092035,-0.120459,124.990751
0.112441,-1.189507,-1.567446,-0.564226,0.969385,-0.917171,1.126607,-221.524110
1.099546,-0.185187,0.014295,-0.224589,0.574332,-0.053581,-0.909597,-15.308632
-1.784628,-0.249469,-0.470584,2.050420,-0.760649,-1.305949,-0.158637,-147.414063
-0.575650,-1.979181,-0.849401,1.808762,0.499155,0.068627,-0.427515,-93.820883
1.707133,-0.425008,-0.728989,0.809426,-0.716789,0.850261,1.321471,126.704245
0.160941,-0.177020,2.294101,-0.074237,-0.494345,-0.572457,0.314337,88.369525
0.089555,0.176831,-0.845316,-0.798000,-2.363171,0.600462,-0.917739,-155.281999
0.450717,-0.899399,0.277506,-1.158781,-1.372886,0.025940,1.364017,-80.196209
0.092006,-1.734873,0.686419,1.322176,0.573618,-1.026257,-0.475942,-86.561314
1.414224,0.855418,-0.251774,0.922390,-0.454983,-0.034883,1.128373,154.021999
0.894471,-0.757562,1.078125,0.321655,0.746951,0.739663,1.020650,212.674497
-0.600416,-0.147108,0.148533,-0.798028,0.103732,0.109987,-0.630127,-71.472757
-1.602385,-0.697519,-0.048457,0.080072,0.008063,-0.077763,-0.835747,-129.778592
-0.243209,0.687544,-0.155797,1.943603,-0.302433,-0.273648,0.788217,128.875656
0.625898,-0.611723,-0.078463,0.068667,-1.417443,-0.688615,-0.015122,-143.681022
1.275882,2.265028,-0.896459,0.753435,-1.062495,2.749588,0.218565,399.618848
-0.281542,-0.706262,-0.657711,-2.049074,-0.662339,-0.295655,1.687337,-195.160642
-0.880972,0.631760,-0.609525,-1.111886,0.655263,-0.095679,-1.278134,-127.368304
-0.933940,-0.281129,0.189858,-0.521594,-0.794937,0.381152,-0.290281,-62.845042
-0.527925,-0.107579,-0.465984,1.485363,0.816999,1.676367,0.775865,255.928710
0.646748,-0.594183,1.235889,0.294334,1.298004,-2.223581,0.141434,-82.978913
0.240947,-0.895547,-0.630978,-0.654548,0.117979,-1.383838,0.185873,-255.170578
-0.929893,-0.186660,-0.212390,-1.180149,1.698092,-0.481717,-1.427407,-162.956237
17.684339,-4.315661,14.684339,0.239787,-0.657692,-0.775896,16.684339,-10.579032
0.052165,0.220844,-1.037669,1.736980,-1.124615,0.436499,-0.356004,26.198821
0.933676,-0.337160,-0.826892,-0.668741,-0.859409,1.417532,-1.043971,-26.072596
-0.585107,0.343331,0.381880,-0.546517,-0.410424,-0.646545,1.896176,2.750360
1.164634,0.031773,-0.905331,-1.250683,-1.063593,-0.590336,2.343358,-97.719353
-0.900176,-0.287434,-0.628270,-0.694680,1.174327,-0.502728,1.164909,-83.525385
-0.516664,-0.045899,1.640075,-1.009791,-2.558975,-0.578664,-1.151228,-156.987547
1.284647,-0.440447,0.028374,0.265351,-0.472656,0.958166,-1.121360,54.332476
-0.131169,-0.893367,0.218459,-1.113638,0.121350,-0.215882,-0.329853,-137.560469
0.639851,0.799937,-0.915033,0.833993,0.013716,1.230332,1.224483,223.689476
0.385606,-0.779070,1.445828,0.928170,0.655475,-0.739137,1.174170,113.983854
0.580338,0.531930,-0.958158,-1.155149,-1.070664,0.732989,0.738034,-17.338759
0.916438,0.921950,0.938442,0.188433,-0.104654,1.448468,0.757403,330.711885
-0.455427,-1.015269,-0.934448,-0.757491,1.023887,-2.242841,0.970654,-327.678136
1.578010,1.419001,-0.047926,-0.201189,-0.837663,-0.249384,0.558522,87.385021
0.666701,-0.181210,0.179968,0.331064,1.125240,-0.209765,-0.197407,49.969663
-1.273173,0.649505,1.193787,1.166078,1.755470,-1.348597,0.977427,126.628483
1.491666,1.287025,-1.311846,-0.918976,1.386578,0.472806,0.579545,101.625963
-0.318102,0.410260,-0.860262,0.004292,1.334651,0.370700,1.378439,100.301886
1.041351,0.226094,2.171825,0.449092,-0.645637,-0.496205,0.001841,147.635867
-0.437235,-0.287515,1.671728,-2.218362,-0.402937,-0.594356,-0.448673,-128.368706
-0.213134,1.584725,-0.461214,-0.020768,-1.128311,-0.504527,-1.937035,-110.481548
-0.835533,0.167449,0.801553,-0.988855,-1.363409,0.194088,-1.559016,-106.952482
-1.001861,0.992243,-0.014708,-0.442936,0.343478,-1.573617,1.271883,-79.426868
-0.596697,1.014595,1.360399,0.040762,0.967917,-0.839797,-1.290962,44.236872
0.719473,0.882805,-0.637624,-0.561337,-0.829135,0.594308,-0.989683,-12.916827
-1.342166,-0.989541,-0.606796,-1.974370,0.684774,0.414696,0.330591,-172.180114
0.184623,-2.415404,-1.139374,0.277597,0.718654,0.875700,0.773773,-68.041191
-0.613227,0.278275,0.890411,0.305582,0.907338,0.096994,-1.648429,53.890326
18.667667,-3.332333,15.667667,0.895401,-0.615293,-1.701755,17.667667,-405.065623
0.935284,1.102111,-0.100049,-1.326589,0.074774,-0.899635,-0.598482,-95.699320
-2.221871,-2.319866,0.228529,0.148690,0.112708,1.439348,1.212417,12.203987
-0.663443,2.013530,-0.343046,0.761942,-0.985622,0.446759,-0.033735,134.693456
-1.824296,-0.079047,0.235138,0.721755,-0.092811,-0.495247,-0.069089,-53.862052
1.356938,2.385071,-0.045349,-1.559999,0.037997,-0.362625,0.533878,87.382158
-0.278934,-0.615007,0.812475,-0.413843,-0.033507,-1.607710,-0.293919,-184.867954
-0.435941,0.511969,1.593321,0.644177,-1.555174,-1.668656,0.407760,-36.379041
0.986528,-1.277792,-1.367715,-1.500192,0.328459,0.016573,0.145113,-213.421063
-0.115846,-0.853100,-0.609338,-2.089861,1.122564,0.359949,-0.224645,-148.945030
-0.282277,0.235631,-0.328899,1.645287,1.434713,-0.847324,-0.734776,13.592498
-0.395775,-2.248452,0.374785,-0.805482,0.140839,0.677781,-0.671100,-128.485910
-0.424778,0.249081,-0.522133,0.007117,-0.832956,1.295839,-0.091216,61.474826
-0.394051,-1.127198,0.273577,1.352337,-0.354682,-0.067278,0.905279,29.872281
0.643516,0.337896,1.009169,1.050440,-0.441544,-0.524684,1.700174,171.410706
-0.279023,1.044768,-0.889281,-0.143503,2.191369,0.744372,-0.482591,121.812747
0.372082,-1.209961,1.967221,-0.950630,0.792426,-1.125784,0.593838,-38.876070
-1.990169,0.150214,-0.525994,-0.166097,-0.771025,0.788662,0.490840,-21.180018
-1.430868,-0.123629,1.313782,-0.281230,-0.263090,-2.297592,-0.235401,-216.806557
0.586088,-0.363670,-0.352814,-0.458700,0.964782,-0.151324,-0.858945,-72.746201
-0.508475,1.160850,0.081224,-2.840217,-0.877778,-0.336142,0.737283,-126.346375
0.395668,-0.573740,1.431093,0.730366,-0.306065,-1.536374,-0.592681,-72.307922
0.419616,1.115918,-0.226686,-0.470792,0.312857,-0.378136,-0.608229,-10.722394
0.371737,-2.020183,1.225323,-0.301641,-1.122766,-0.128991,-0.363764,-118.166385
0.306256,-1.179198,0.537632,-0.144598,0.433783,-2.432051,-1.496289,-323.451901
1.547993,0.648936,0.645271,2.081259,0.309410,-0.396501,-0.546590,193.883205
-1.409100,2.100683,-1.907429,2.159052,-1.216264,-0.081721,-1.610111,-38.828596
0.973729,-0.587104,-0.701041,0.351519,1.907419,-0.346405,-1.955464,-86.396397
0.906629,0.372631,-0.794837,0.180093,-0.145067,1.322875,0.384622,144.190216
1.840236,1.960284,0.138906,0.603785,-0.759329,1.791694,-1.103066,321.343870
-0.217012,0.286092,-0.071207,-1.537322,-0.245170,-0.760529,-0.980881,-202.982642
-1.433081,0.842920,0.127564,0.762677,-1.874135,-0.053119,-1.207448,-58.812924
-1.423518,1.141140,-1.319108,0.032849,0.159711,1.307040,1.706194,148.902176
0.335293,1.673142,-1.319108,1.435859,-0.306113,0.343907,1.566019,191.157737
0.398962,-0.410272,-2.259153,-1.827867,0.458329,0.744534,0.618026,-158.718585
-1.316221,-0.785302,-1.965918,-0.146245,0.013526,-1.440973,-0.348551,-388.132465
0.337962,-1.145101,-0.020966,1.339779,-0.693199,-0.075486,-0.154590,-29.948086
0.589955,-0.040345,1.814077,0.656184,-0.529539,0.996815,1.053556,300.104167
0.124898,2.637638,-1.608510,0.472877,-0.287944,0.586529,-0.188464,124.246814
-0.706909,-0.120711,-1.221411,0.096623,1.420662,-1.263432,-0.116669,-184.847191
19.991586,-2.008414,16.991586,0.879749,1.398859,1.346360,18.991586,225.861103
0.750119,-0.115607,1.525320,-0.148316,-2.060256,-0.074226,-0.627928,3.036090
1.460927,-0.121096,-1.070410,-0.710697,-0.050605,1.299310,0.561965,67.881055
-1.467632,-0.059598,-0.287237,0.106066,-0.070711,-0.318746,-0.007500,-92.752757
-0.651076,1.653264,-0.172818,-0.950608,-0.045825,-0.885585,1.988475,16.634950
0.179669,-1.042349,-0.512131,0.651049,1.172616,1.465087,-0.395811,109.588225
0.844881,-0.349770,0.520892,-0.325778,-0.020580,0.545310,1.517132,135.885189
-0.016016,-0.944651,-1.487783,0.701716,-0.690975,0.934868,-0.642147,-85.767230
0.746904,-0.822033,-0.795669,-1.337938,0.381378,0.781161,-0.915002,-108.996083
-0.909790,1.204981,-0.199279,0.413080,3.001984,-0.520641,-0.344462,104.522188
0.554031,0.149434,-0.569154,-0.969413,-1.119737,1.050326,-0.082741,-9.695732
0.771507,-0.878654,-1.917781,1.155369,-1.207700,2.273110,-0.464211,55.647831
-0.805239,-0.027619,0.982918,-0.549454,1.617432,-0.758592,0.423523,16.467027
0.201328,-0.867997,0.794731,1.537431,-1.374020,0.418344,-0.234492,72.473453
1.447505,1.141585,-0.543332,-1.324720,-0.637858,1.992087,-0.526210,152.026931
1.929394,-0.697158,-0.700978,0.611076,-0.398628,-1.615111,0.243292,-170.043010
-1.115810,-0.092121,-0.100929,0.685326,0.400672,0.319663,-1.640008,-28.088559
-1.340743,1.201424,-0.174238,-1.664579,0.923842,-1.363406,0.620982,-139.673620
-0.067991,1.630106,-0.727162,-0.622903,-1.807780,-1.910683,-1.367554,-295.244360
-0.023084,-0.027020,0.046543,-2.379107,-1.073944,-1.288775,-1.904091,-376.978167
1.709068,0.051911,1.020326,-1.019697,-0.346372,0.276266,-0.464641,60.404689
0.004917,0.699896,0.821051,0.403938,-1.386276,-0.719477,-0.847680,-32.465532
0.099482,-0.219830,1.017845,1.594043,-0.724029,1.066566,-0.320273,213.736655
0.333635,0.231387,-1.532353,-0.599151,-0.277255,0.160042,-1.585203,-177.300026
-0.759954,-1.823494,-0.422206,0.439958,-0.131652,-2.046026,-1.221059,-399.693103
-0.468386,-2.075622,0.566989,0.562785,-0.868721,1.269421,-0.516959,-2.256977
-2.061908,-1.154338,-0.708940,-0.032664,-0.144654,1.790001,-0.377000,-26.269086
0.668766,0.035723,0.069084,-0.213479,1.043155,1.365453,-0.188039,178.540352
-0.371517,-1.699302,0.893659,0.205365,-0.276631,0.115031,-0.914155,-81.373410
0.335950,-0.313094,-0.310411,-0.271461,-1.284871,0.905999,0.979329,35.866341
-1.993513,0.358276,-0.206317,0.044138,-0.356602,-1.582943,0.760340,-181.365872
-1.914682,2.048613,0.496982,0.420698,-1.217192,-1.162908,-0.462970,-42.716974
-0.215814,0.729840,-0.785337,-0.434998,1.541847,0.545037,-0.850303,35.865490
0.432205,-0.488374,-0.746587,-0.600384,-1.006895,-1.139084,2.368166,-154.780991
-1.253583,-0.158829,-1.196558,1.813251,2.437349,0.678512,-0.230847,118.433755
1.141509,-0.296809,-1.884010,0.200994,-0.518076,0.198133,-0.169060,-114.721930
0.876472,0.654194,0.812505,-0.147887,0.467887,0.194357,0.797673,184.075707
0.965307,-0.004754,-1.398718,-0.465040,-1.695439,0.562620,0.700165,-74.671930
0.691181,0.980534,0.600429,0.652828,1.014310,-0.220596,-1.056227,130.805668
0.960925,-2.203596,-0.360715,-0.764361,-0.096482,-0.064478,-0.868210,-227.596690
1.609653,-1.886794,0.413451,-0.573161,1.053429,0.838527,0.004288,42.772533
-1.420753,-0.602525,-1.208030,0.272704,-0.236993,-1.400155,1.025165,-250.736440
-2.463433,0.477032,-0.535494,-1.815939,1.744239,0.357309,0.575956,-52.645968
-0.510997,1.136730,-1.121102,-1.543703,-0.264439,-0.766188,-0.485113,-211.363243
-0.347584,-0.494043,-0.679603,-0.939268,0.948918,-0.130891,0.499918,-98.012442
1.389406,-0.151831,-0.342067,0.382521,-0.600047,3.012079,-0.332883,286.937300
-0.398065,-0.383633,1.136719,1.185946,0.573989,-0.121857,-0.577949,94.800463
0.023005,0.105033,0.199490,0.239025,0.758581,-0.703456,0.050039,-4.993569
0.917092,0.210326,0.739061,1.055295,-0.988086,-0.385850,-0.848058,39.306300
1.216028,0.993601,-0.320527,-0.950140,1.529961,-0.392520,0.191651,46.775394
1.478345,0.921973,-2.628515,1.014401,-0.707284,-1.306268,-0.325485,-196.694074
0.646900,-0.651927,-0.525634,0.229312,0.222766,0.096872,-0.783060,-62.826814
-0.805120,0.629805,-1.314894,-0.263796,-0.451623,0.811327,-1.720944,-97.319772
-1.817591,2.033143,-0.962823,1.156479,0.303911,-1.720767,0.165481,-75.585913
3.268922,0.186452,-1.558496,-0.511646,0.893824,0.870551,-0.188034,74.952101
0.812752,0.919529,-1.410980,-0.358812,0.799243,-2.111078,-0.484225,-237.000265
-0.206256,-0.577041,-0.037470,0.811747,-1.586885,-2.163448,0.241152,-261.163902
-2.560003,-0.492390,0.586061,1.704066,-1.305120,0.396288,-0.862960,-10.972573
-0.571458,-0.412824,-0.350225,0.678788,0.343044,-1.147889,1.362951,-72.495046
-0.710054,-0.511581,1.800567,-0.572882,0.416773,0.390189,0.047304,97.901856
0.611015,-1.149255,0.369460,-0.199038,0.881366,0.109604,0.828877,36.217985
-0.075282,0.315910,-0.424285,0.344605,-0.354745,-0.185064,-1.736729,-96.426284
2.803706,-1.179589,0.492231,-0.369438,-0.063810,-0.261080,-1.189748,-61.708009
-0.801111,0.394953,0.889657,1.343334,0.943286,-0.808073,1.647443,163.597294
0.025062,0.503258,0.113570,0.838206,0.560317,-0.147234,-0.284605,81.204669
0.425688,-0.663318,0.067421,0.582833,1.529420,-0.214785,-0.481333,21.138535
-0.521078,-0.421096,-1.577245,-0.336889,0.946681,-1.465235,-2.738883,-394.702515
-1.794485,1.074807,-2.125267,-1.226898,1.215754,-0.139246,-0.335716,-181.259400
0.302613,-1.033706,-1.111834,-0.568429,-0.410975,0.862503,0.590681,-72.111004
1.838246,-1.049030,1.397608,0.287531,0.070630,0.247044,-0.086463,121.013629
0.599199,0.340068,1.363252,-0.043157,0.446259,-0.510879,-1.165306,48.413454
0.909231,-0.628503,-0.633705,-0.229320,-0.549663,-0.348075,1.604926,-59.318323
0.003561,-0.079821,-0.960160,-0.414346,0.679940,0.849687,-2.582734,-94.631383
0.235785,-0.220607,0.830086,-1.395112,-0.770144,-0.042715,-0.068718,-62.009444
1.031757,0.727611,0.856755,0.829189,0.652930,-0.476811,0.888834,194.721300
-0.913696,-1.681571,-0.424047,-0.802580,-1.207372,-0.321705,-0.309111,-295.112194
-0.402322,0.428139,-1.350970,0.364778,-0.890694,-1.042467,0.836086,-158.558789
1.606908,0.261772,-0.089866,2.653379,-1.045313,1.888992,-0.416965,332.347815
-1.564352,0.315233,-0.622042,-0.609382,0.381678,-0.202454,0.728238,-75.926871
-0.079442,-1.661798,0.211519,-1.840519,0.146497,-0.082726,-0.595754,-222.903531
-0.448949,1.133416,0.505931,-0.155400,-1.330960,-1.045458,-0.515316,-86.682548
-1.782157,0.887457,-1.485268,-0.406694,0.002469,1.660795,-1.687766,-25.964131
-0.774122,0.142787,-1.661836,0.081078,0.637902,-0.634212,1.534199,-99.157348
0.023908,-1.131056,0.359664,2.302461,-0.729664,-1.334333,-2.880576,-197.107505
0.907800,1.268648,0.008391,-0.856725,0.579808,2.388286,-1.053554,271.337060
-0.673267,-0.119282,1.117997,-0.431525,-0.037833,-0.288045,-0.184802,-9.269065
0.276831,0.486111,-0.364892,-0.204253,-0.449881,0.822169,-1.243532,14.263747
0.676469,-0.568655,-1.714374,0.648160,1.505563,-0.092325,0.603529,-30.518336
18.027634,-3.972366,15.027634,1.239299,2.982368,1.103757,17.027634,399.442251
0.291580,-1.042725,0.860751,0.447455,-0.212734,-1.785783,-0.310549,-170.021895
0.121495,-0.181664,0.274834,-1.007281,0.990892,-0.063353,0.706765,14.691967
-1.155908,0.177688,0.565431,0.280032,-1.193611,-0.324198,0.262020,-30.000889
1.290507,-1.316305,-0.229387,-0.195401,0.769980,-0.086879,0.109755,-50.959582
-1.169864,1.310901,-0.667258,-0.769369,-1.928983,0.656916,1.324452,11.472412
1.726209,-2.166615,0.843736,-0.337204,-1.500147,-1.200096,0.054527,-220.769882
-0.138252,0.919380,-0.376635,1.068152,-0.154709,-1.195031,-0.365409,-51.192606
-1.221420,-1.187937,-0.704780,-0.525519,0.048750,-0.051013,1.402471,-132.298187
0.384209,-0.144016,-0.442240,0.989524,1.175454,0.333946,0.485498,121.500966
-0.172637,-0.225180,-1.104969,0.634085,-0.827436,0.175324,0.914356,-36.000608
-0.424205,0.236623,-1.228235,0.569777,1.143561,-1.450072,0.200824,-143.808174
0.063944,-0.842765,-0.520519,-2.282533,0.750958,-0.349673,-0.557202,-245.246110
-2.412043,0.376030,-1.199758,-1.427000,0.482871,1.290941,0.891281,-23.466680
0.331989,-0.003481,2.334364,1.401987,1.372260,-0.602757,-1.268209,187.832077
-0.673280,-0.538559,0.063150,0.901225,-0.558390,-2.900810,0.312873,-291.675311
0.133942,-0.732948,-0.966447,0.154878,-0.653866,-1.348844,-1.707000,-330.302180
-0.409516,0.101822,1.599367,0.176848,0.903114,-0.886029,1.139675,110.345518
0.700747,0.682921,2.448613,-0.008754,0.202259,-2.083406,2.507909,140.653398
-1.007439,-2.056251,-2.180173,-0.544567,-0.461768,0.730424,2.002276,-202.565571
-0.715068,-1.475150,0.076653,-0.009557,-1.042693,1.596607,-0.492730,-10.016651
1.632287,0.909930,0.639795,0.988377,-0.809964,-1.099009,-1.270178,11.392776
0.261130,0.960019,1.289937,1.459725,0.908250,0.238287,-1.276251,242.859575
0.693807,-0.518632,0.575885,-0.089288,1.865325,-0.220133,-1.012429,25.589674
-0.069262,0.013209,1.165860,-0.834605,-0.635894,-1.300391,0.416907,-99.694072
-1.131997,0.273814,0.776313,0.241839,-0.711466,-0.015979,1.006823,68.579285
-1.760955,-0.341252,-1.721776,-0.512790,-0.339147,-0.931257,0.223535,-314.063906
-0.203830,0.631566,0.044182,-0.789158,-1.798091,-1.494600,-0.019241,-219.945107
-0.902869,-0.140626,-0.296352,-1.782985,0.097301,-1.349284,-1.896162,-362.219941
0.722025,-1.933437,-0.072353,-0.093816,-0.634580,-0.822583,-0.986469,-258.943010
0.939484,0.656318,1.660628,-0.122501,-0.232639,-0.084988,0.099174,164.400292
-0.365618,-0.242016,0.721514,-1.130355,1.480239,0.048522,-0.339833,7.028092
1.176507,0.043295,0.356695,-0.799640,0.142477,-0.225772,0.015915,-0.607100
-0.350601,-0.261588,2.395650,0.303216,0.292024,0.716881,0.218247,248.767874
-0.160656,0.549830,-0.468054,2.323515,0.659321,-0.393639,0.490376,132.441707
-0.206554,-0.076267,0.245093,0.320990,0.552288,-0.106906,1.032226,77.245561
-0.978989,0.043122,-0.285309,0.165785,0.114007,0.807298,0.486899,69.119002
-1.153645,-0.134479,0.856105,1.071151,0.226267,-1.405685,0.993031,-9.723235
-0.643606,0.137099,0.775957,-0.699320,3.399778,-0.975301,1.955317,116.423683
-0.815020,0.871677,0.201070,-0.156606,-0.169001,-1.391536,2.242812,-11.123651
1.418914,-0.049603,0.252265,0.416932,0.457631,-0.749799,0.107037,23.983472
-0.619900,0.579264,-0.300695,1.285431,-0.230275,-0.813567,-0.913065,-56.787693
0.286933,-1.256382,0.809757,1.278020,0.641651,-0.962070,-0.235773,-25.702929
0.526896,0.063867,-1.060934,-0.484042,-0.764777,-0.836676,-2.608818,-302.124524
-2.129159,0.398919,-0.844335,-0.559667,-1.243157,2.375930,0.381400,81.339732
-0.340760,-0.910468,0.789881,0.964281,-1.793590,2.505583,-0.832276,188.145571
0.626140,-0.293625,-2.436708,-1.076196,-0.206718,-0.348298,1.605118,-206.530995
0.481126,0.485040,-1.691679,-0.097462,0.224369,0.553350,0.765461,14.991750
2.115540,0.985978,0.649690,-0.652506,0.232917,0.505597,0.205214,197.225105
-0.636462,-0.089528,0.989115,0.130048,-0.769106,-1.336634,0.375306,-90.904168
1.424689,-0.105791,-0.383922,0.210053,-0.809494,0.497917,0.169591,43.858467
0.476305,1.053409,-0.447875,0.693515,-0.762365,0.184814,1.596029,144.356425
-0.993854,1.637784,-0.769129,0.401866,0.510449,0.367359,1.470119,161.619624
0.869858,-0.421304,0.114703,-0.781571,-0.089054,1.967215,0.080142,155.858432
-0.665847,1.069854,0.797550,-0.194414,-1.270370,-0.274332,-1.052082,-22.659034
-0.528919,-0.956000,0.178080,-2.128160,-0.033846,-1.544394,-1.590171,-400.945392
-1.408643,-0.434295,1.423538,-0.132984,-0.042970,-0.029201,0.834886,56.379659
-0.348272,-0.708247,-1.701859,-1.274060,-0.577441,0.547712,0.532567,-189.327549
1.294555,0.301183,-1.472458,-0.568631,0.356711,1.420725,1.422226,132.724676
-0.529441,1.709795,-0.269099,-0.358724,0.725675,0.402934,0.574275,145.722089
1.244653,-0.098651,0.559854,2.540391,-0.189700,-1.011501,0.459523,120.670544
-1.639231,1.378595,-0.707549,1.003339,0.522484,-0.128983,0.094965,59.020623
-1.975972,-0.280011,0.837162,0.044930,0.426451,-1.161149,-0.099097,-114.127381
-0.232183,0.854055,-0.422261,-0.773424,-0.290936,-0.814740,-0.382884,-131.486190
0.116230,-0.909517,-0.162413,-0.194191,-0.990535,1.543808,-1.025666,-3.715688
-1.518021,0.410656,1.902716,-0.288686,-0.442886,0.551095,2.236984,233.292520
0.081524,1.480686,1.148705,1.062203,-0.502441,-0.183560,1.114317,245.968110
-0.560860,0.086258,0.262715,1.142935,-1.165394,0.182899,-0.787438,14.346174
0.448858,-0.735585,0.015315,0.285116,0.859263,-0.496809,-0.844879,-70.477444
0.000622,0.550191,1.052051,0.158430,0.121955,0.000690,-0.027337,120.869083
-0.007299,-0.458039,1.310686,-0.665906,1.150967,0.825884,-0.302685,136.326624
-0.068956,-0.256229,2.310221,0.354190,-1.154963,-1.584699,0.119701,-30.175901
-0.892526,-0.449815,0.612849,-1.102033,0.929499,-0.432730,-0.947672,-119.729568
1.592803,0.653960,-1.159471,-0.711471,-0.477232,-0.699014,1.312337,-66.653725
-2.046102,-1.558380,1.886977,0.725194,-1.128608,1.546503,2.438448,230.105820
-0.838853,-1.912220,-0.353085,-1.327961,0.147755,-0.512482,0.551038,-265.209689
0.491548,-1.442476,-1.580286,0.641760,1.329070,1.909086,-0.702728,54.043347
-1.100595,0.135773,-0.690984,0.722844,-0.765434,-0.201487,0.551989,-54.706906
0.352837,-0.901305,0.148735,0.180511,0.082678,-1.161648,1.046449,-94.925321
-0.715743,0.264974,0.455792,-0.291101,-0.543133,1.004460,-0.002876,91.983767
-0.749978,-1.348902,0.246703,2.185173,-0.253673,1.032600,-0.075768,121.356968
21.437481,-0.562519,18.437481,0.448408,0.653874,0.107650,20.437481,225.653068
-0.413818,0.534889,0.996966,-0.973946,0.604260,0.856823,2.462142,247.976246
-0.699213,-1.032920,1.396229,-1.024222,1.097783,1.517934,-0.373321,130.143718
-0.211561,2.178504,1.553592,-0.487665,-0.065075,-2.341000,0.926971,20.155935
1.415268,-1.134313,0.726425,1.775097,-0.624789,0.862418,-1.139301,130.655064
0.060193,-0.069016,-1.609055,-0.093484,0.324423,1.858894,-1.668013,4.726501
1.250698,-0.719524,0.134532,-0.884013,-0.946167,0.053501,1.541912,-15.751041
1.115853,-0.556626,-0.509807,0.630365,0.413707,-0.233347,-0.012271,-13.836082
-1.755731,-0.172150,0.358576,-1.186644,-0.240503,-0.617931,-1.579933,-235.783377
0.740401,-0.023301,-1.210149,-0.650555,1.106487,-0.338906,0.307775,-82.037235
-0.103205,-0.349080,-0.334535,-2.083894,-0.832382,-0.507951,0.012715,-244.011986
0.239673,-0.653313,1.474669,1.051953,-0.412101,-0.417526,-0.018741,69.651716
-0.332972,1.683457,0.644824,0.004663,0.586226,1.242668,0.284941,299.199465
-0.426578,0.080797,-0.289892,1.301404,-0.029481,0.550127,0.246813,108.750099
0.970048,-2.026462,-0.290009,0.632079,-0.332892,-0.408171,0.420856,-122.274090
17.820198,-4.179802,14.820198,-1.563943,-0.211777,-0.496876,16.820198,-197.394549
-0.600439,0.963943,-0.708710,0.348292,0.314122,-1.049824,0.029009,-76.320975
-0.425033,0.142081,0.590555,0.579709,-1.258571,0.240616,2.029396,133.470259
1.830388,0.780576,-0.849095,-0.790308,-0.553690,0.143118,-0.154695,-15.832016
-0.167079,0.362070,-0.162727,0.067677,1.389438,-1.078451,0.211715,-35.898760
1.345956,0.251813,-1.009065,-0.824561,-1.330515,1.615304,-1.147561,-0.699159
-1.587405,1.743219,-0.632068,-0.012557,-0.508432,0.215451,-2.260514,-69.650647
-1.270418,2.215544,1.322283,0.528828,0.227148,2.676027,-0.223657,490.666522
0.045027,-0.342625,1.095447,0.457783,0.841831,0.005044,1.357282,169.578233
-0.755365,-0.275814,0.837431,0.628724,0.077582,0.620585,0.566821,142.895397
-0.230795,0.222984,1.000564,0.539149,-2.028473,0.513244,-1.239902,32.424952
0.103689,-0.519128,0.486676,0.012170,-1.245382,-1.002711,-0.518615,-161.459563
0.292112,-0.364363,-0.221882,0.588376,-0.733454,-0.149536,-0.016714,-40.285670
-1.791056,0.392530,-0.752318,1.083195,-0.893115,1.184465,-0.319138,53.833623
-0.078435,1.567028,0.670873,1.401975,0.575906,-0.138302,-0.169403,222.602556
-1.768799,-0.295238,-0.294161,-0.614815,0.327755,-0.233810,0.925886,-94.528435
0.558211,-0.198205,-0.080568,-1.528284,-0.398000,-1.052740,-0.149545,-212.222445
0.166770,0.238622,0.052521,-0.382937,2.419304,-0.092707,-0.062295,78.864609
-0.844045,0.488712,-2.248974,0.983167,-0.414982,1.012768,0.496444,10.320677
0.869106,-0.390879,-0.788166,-0.458899,0.111400,-1.069699,0.197565,-174.707859
0.265180,-0.751964,-0.893201,-0.049665,-0.979671,-0.431737,-1.069408,-228.938752
0.062618,-0.234469,-1.209258,-0.163342,-0.468255,0.837694,-1.148214,-89.499212
-1.805189,0.602372,2.370647,-1.546491,0.466804,-0.334016,-0.057358,50.608332
-0.129220,0.595416,1.834278,0.363732,-0.367119,-2.161288,0.227120,-34.014897
0.579883,-0.187669,-1.528804,1.203550,-0.930663,-0.529775,-0.952388,-162.359476
-0.545614,1.125202,0.098575,-1.021894,0.106606,-1.594112,1.044760,-102.757765
-0.311725,-0.336255,-0.857184,-1.444528,1.458390,-0.261068,0.635791,-115.979903
0.158133,-0.497570,-0.752553,-0.351237,0.923353,0.476248,0.511847,2.608203
0.172176,0.370289,-0.024116,1.374784,0.550600,0.530399,1.524936,239.049515
-2.000802,0.693360,2.433810,0.174412,-1.154912,1.492347,0.299762,286.607530
0.635524,-0.242792,-0.943242,-0.965213,0.209403,-1.554305,-0.008158,-263.455965
-1.764244,-0.971292,0.454530,0.854463,1.262367,-0.125470,-1.063221,-41.866612
-1.427099,1.358026,0.277482,-0.065216,-0.996342,-0.583458,1.484374,31.094850
0.792814,1.175328,0.573212,0.242349,0.981202,-0.513677,0.067066,138.209560
1.815481,-0.756745,-0.432936,-0.301359,1.033042,1.433567,-0.673258,105.709292
1.135263,-0.173169,0.408168,1.201295,0.362104,-1.008838,1.814676,105.134671
0.719457,0.253538,1.181345,-1.358895,0.734137,0.723800,0.327535,155.184252
-1.291803,-0.073022,-1.918234,-0.721089,0.182979,-0.626947,-1.025291,-312.553205
0.696947,-1.290303,-1.098502,0.200772,0.223843,-0.670447,1.197143,-136.541857
-1.113964,0.282290,-0.016271,1.168625,-0.653158,-0.256745,0.347901,16.341797
-1.532198,-0.795362,-0.668472,0.451303,0.104707,0.891781,-0.045416,-24.736169
-0.206796,-1.044171,-0.241858,0.573332,-1.865320,-1.006520,-0.709783,-254.335258
0.864308,-0.910576,-1.043332,-0.310526,2.147149,-2.098646,0.730814,-222.293826
0.209080,-0.692010,-0.940706,1.042548,0.911197,-0.929602,0.887349,-67.562782
-1.441025,-0.534087,-0.011251,-0.341602,0.454117,-0.804855,-0.535273,-178.529907
-0.273771,-1.191469,1.148906,0.115716,0.872986,0.905485,-0.072352,121.671421
2.295955,1.319117,0.616867,-0.689316,-1.265538,-1.356630,-0.064163,-30.550099
-0.126358,2.145399,-1.468257,1.982819,-1.210871,1.421554,0.243801,246.254391
0.601687,-1.182388,-0.123476,-1.309285,0.115792,0.202501,0.381409,-99.777056
-0.336739,1.004504,-0.494565,0.586305,-0.937547,0.586125,-0.520331,54.279728
-1.236446,0.179814,0.057649,-0.643898,-0.544898,-0.505505,1.429241,-64.235217
-0.947340,-2.266650,0.068981,-1.043823,0.194845,1.349882,-0.819295,-117.434364
-1.973673,0.692474,0.728132,0.618004,-0.053922,0.007128,0.733901,104.417916
-0.312926,0.586947,-0.206376,2.050739,-0.521851,-0.752041,-1.414026,-24.339095
-1.103304,1.228004,0.589590,2.524948,0.309329,0.733586,1.104473,358.900938
0.300664,-1.682929,1.701388,-0.541740,1.046955,0.825522,0.646987,137.010491
0.476259,-1.492433,-1.774969,0.270733,-0.259300,0.833728,1.181749,-68.987834
0.193325,0.556247,-1.063728,0.753144,-1.097783,-0.969060,-1.549994,-192.489348
-1.013757,-0.794052,-0.188948,0.598142,0.080172,-0.677373,0.921290,-83.800610
-0.567251,-0.617973,-2.002766,-1.498762,-1.740374,-1.518892,-0.621555,-517.643066
-1.219138,-0.884516,-0.506307,-0.162791,-0.183937,0.304442,0.921749,-72.482129
-1.866818,0.194201,0.091676,-0.641482,-0.301053,-0.005759,1.119524,-32.938775
1.151807,1.312901,-0.329966,0.140216,1.033408,-3.155563,-0.834029,-208.294790
-1.161176,-2.301424,-0.125117,-1.030949,-0.686016,1.866819,0.459888,-66.131585
0.095061,-0.183021,-0.439073,-0.271754,-0.685225,0.963410,1.341430,71.198490
0.561595,0.017831,2.290240,-0.267875,-0.359344,0.802493,0.049268,230.176464
-0.427198,1.710511,2.161893,0.342744,0.342420,-1.909891,-1.188811,41.988517
0.804434,-1.784134,-0.419525,-2.260829,-1.637780,0.890728,0.706148,-188.629893
0.690828,-0.687558,-0.048074,-2.356367,1.054732,-0.685914,-1.760067,-261.481441
-0.401514,3.007109,2.365944,0.483189,0.641240,0.303335,-1.191055,376.275450
-1.810647,0.212758,-0.665273,1.146546,0.197017,1.881947,1.728589,245.709592
0.472648,-0.175457,0.361194,-1.406338,-0.900872,0.871740,2.077833,89.082464
0.923828,-0.761002,-1.323140,-0.775628,-0.486419,1.162954,-0.689347,-90.627246
-0.764900,-0.205156,-0.224737,-1.666600,-0.477204,-0.654893,1.808988,-148.611932
-1.818437,-2.058405,1.631616,-0.061984,-0.833140,0.815038,0.323136,-6.775251
-0.338135,0.598345,0.229345,1.667902,0.903123,-1.590826,-0.908763,-24.513621
0.901244,-0.953146,-0.405538,-0.026851,0.786150,0.441067,-0.244337,-3.735237
0.158495,1.313445,-1.353357,-0.888736,-0.744870,0.960776,-0.587395,-13.214142
-0.245027,0.215539,0.246429,1.413276,-0.077492,0.190588,0.770294,150.785708
0.535287,2.397579,1.493152,-2.140652,0.465640,-0.588252,-0.336869,98.059964
-0.287148,-1.677416,1.209079,-1.173347,1.908852,0.260476,0.558821,23.770060
-0.680991,0.303360,-1.394263,0.669972,0.340230,-0.540500,-0.098921,-104.926315
-1.358822,1.724541,-2.651574,-0.824984,0.763179,-0.262185,-1.277611,-210.548787
-0.445396,-0.194660,-0.729269,-1.160846,-1.392513,-0.486376,0.736576,-208.120485
-1.035650,0.932889,1.125680,0.924398,0.530196,-1.933201,-2.301280,-106.519811
0.133882,1.286220,-0.573479,-0.568167,0.277022,0.245815,-0.928286,9.370624
0.312825,1.156428,0.418962,-0.825231,2.008140,0.269988,0.624063,191.854173
0.830214,1.116887,-0.179836,0.380862,-1.611539,-1.429894,1.388790,-39.303856
1.619384,0.886674,0.549231,-0.729547,-1.116644,-0.013221,0.664425,84.691203
-0.451207,-1.771440,-0.856974,-1.396794,-0.841404,-1.496951,0.537786,-418.432577
1.378306,-0.644895,0.269187,-0.610989,0.184999,1.703063,0.454868,175.558857
0.930888,0.168144,-0.192916,1.791102,-0.683208,0.139589,1.483714,173.014245
0.959670,-0.340268,-0.769138,-0.391674,-0.679862,-0.506396,-2.165839,-236.171960
-0.190699,1.357576,0.327518,0.052547,-0.417828,0.439957,0.416582,152.505064
1.620406,-0.314814,0.079893,0.745229,0.166507,-0.009950,-1.275202,23.273679
0.586580,-1.619971,-0.427191,-0.027245,0.855410,0.148482,0.181098,-64.879923
-0.874798,-0.857202,1.051518,0.748772,-0.908713,1.166701,0.593683,143.191768
2.166709,0.560094,0.514941,-0.658934,-0.382796,-0.067388,1.057883,118.428325
-1.029781,-1.961154,-0.975179,-0.722722,-0.989578,-0.958696,0.032844,-390.799160
0.100590,-0.603635,0.560565,-1.588343,2.148299,0.949118,-1.161728,38.995784
0.150034,-0.559101,-0.390566,0.275661,-0.849473,1.536417,-0.734667,46.187673
-0.083293,0.590816,-2.236517,1.514721,0.093114,0.021909,1.267331,21.245841
0.949319,1.352399,-1.471184,0.080686,2.106943,-0.394259,1.396853,110.168462
-0.012923,0.498193,0.183018,1.059359,1.042922,-1.082978,0.963472,74.558314
0.540320,-0.240950,0.474366,-1.682918,2.481000,-0.584376,-0.152819,-33.919712
0.561248,1.333911,1.337656,-0.115242,0.127575,0.396720,0.914838,269.647625
0.642275,0.023023,1.188231,1.831168,0.255859,1.205693,-1.204806,281.735691
1.392809,-0.678324,1.451492,1.738466,-1.114119,-0.496283,-0.360345,88.558216
-0.136094,-0.676654,0.550560,-0.093829,-1.443753,-0.599218,1.144289,-77.402510
-1.394024,-0.576776,0.922414,-0.478197,-0.641176,1.719369,0.093976,113.002054
-3.260001,-1.041720,-0.425839,-0.090934,-0.366196,0.458856,-0.078657,-162.336039
-0.622248,1.917745,0.483018,2.112631,1.112577,-0.324713,-0.473666,244.707040
-0.481240,-0.356695,0.629065,-0.016979,1.676556,-0.959111,-0.187255,-33.954541
-0.453501,0.895454,0.729627,0.597827,-0.928361,-0.673488,0.068391,31.288718
-0.171953,0.646461,1.183833,-0.122438,-0.379751,0.111508,-0.593923,84.788084
-0.579329,0.175264,-0.278796,0.581098,-0.401523,1.402964,-2.362198,32.730455
2.696066,-0.534637,-1.484859,0.511951,-1.271627,0.118558,0.640260,-43.376818
0.653561,-0.015050,1.393864,1.911264,-1.059693,1.652209,-2.218914,251.999300
-0.346673,-1.527333,1.065419,-0.933509,0.256916,0.312953,-0.542249,-66.320622
0.066656,-0.439269,-0.127846,-0.824120,-0.887390,0.269657,0.737976,-55.744810
-0.091416,1.232443,1.239286,-0.565842,1.069405,-0.194153,-1.231985,99.706576
0.553330,2.221806,0.334268,1.199711,-0.705450,0.762773,-0.858491,260.051231
0.296810,0.545330,-1.882550,-0.050112,0.176352,0.610876,-0.489730,-45.575207
-1.489487,0.880193,-0.473538,0.145946,-2.069681,-0.903948,0.290615,-162.654983
2.302685,0.536250,0.226376,-1.159353,-1.574899,1.785627,-0.535119,145.173000
0.359728,0.241392,-0.587549,0.749970,0.595664,-0.609558,0.840191,22.526131
-1.831041,-0.486056,-0.404940,-0.577304,0.813521,0.118720,-0.569900,-124.126054
1.727291,-0.213768,-0.191338,0.884529,-0.737078,1.603660,1.236809,252.506369
-0.340576,0.073534,1.171946,-1.290135,0.072574,0.491582,1.148668,104.984581
-1.751799,-0.044005,-1.292125,1.315055,0.347924,0.318988,-0.236951,-34.341763
-0.857133,-0.277505,-0.475315,2.269242,-0.129845,0.099254,-1.400950,-2.247034
-0.303988,-0.408582,-0.028520,0.305143,-0.780552,0.425643,-1.258192,-58.626802
0.018866,0.610479,-0.667249,0.857243,2.153178,0.914066,0.372440,224.534464
-0.266438,-0.955304,-0.059997,-0.393944,-0.227706,-0.155169,1.874778,-39.362831
0.645584,0.571835,0.404008,2.016578,-1.689553,0.023909,-0.300701,122.340320
0.477998,0.150041,-0.302392,0.051505,0.649391,-0.079201,1.065404,64.869567
1.717740,1.697885,1.429567,-1.222951,-0.387620,0.672245,-0.409245,222.600122
-2.173881,0.036295,-0.239914,-0.628660,0.036536,1.263235,0.617815,42.496372
0.806231,0.726022,-1.229387,-1.231496,-0.909681,-0.191959,0.386012,-122.024949
-0.008711,0.206016,1.875078,1.130957,0.802380,0.586213,-1.145599,246.099154
-0.277382,-0.009256,-0.187446,-0.148687,-0.026647,-1.345749,0.739769,-132.294893
-0.046083,0.750319,-0.406121,-0.395973,-1.908870,1.161443,1.381963,98.621616
20.700873,-1.299127,17.700873,0.925202,-0.206822,-0.057182,19.700873,-109.592211
-0.225668,0.369465,0.943888,-0.992206,2.116738,-0.206102,0.402767,102.238912
0.203676,0.471992,0.631984,-0.586457,0.039758,1.074721,-2.170645,63.975970
0.674835,0.375183,-0.366239,0.550178,-0.302806,-1.222122,-1.087079,-129.698067
-2.414495,0.504844,-0.009631,-1.134370,0.446865,0.614744,-0.562316,-44.537199
-0.642211,0.999214,-1.462235,-0.294590,1.526408,1.289797,-1.273439,56.801111
-0.298959,-0.311562,-0.435096,0.465552,-0.370075,-0.423660,-0.013267,-88.546430
0.313054,1.734903,-0.309007,-0.077902,-0.145668,-0.825702,0.163374,13.151157
-0.949481,-0.982605,0.539723,0.970515,-0.116065,0.789356,0.363923,91.764275
0.276215,-0.201363,0.986247,0.611560,0.800534,0.040927,0.699611,160.330774
1.848983,0.796628,0.720545,-1.048095,2.022835,-1.151292,0.145919,60.443112
-1.211071,0.569806,1.960709,1.257887,0.598588,-1.518561,-0.192204,74.120787
1.704168,0.220614,-0.390578,0.129070,0.392985,-0.638775,0.246284,2.450397
1.652375,0.127734,-1.668909,0.684455,0.278884,-2.167329,-0.827458,-263.377705
1.104307,-0.019503,-0.977258,-0.611097,-0.032108,0.537478,-1.042250,-64.954720
0.087532,0.985480,-0.588658,1.703739,-0.961811,-1.371193,-0.636631,-78.569667
-1.393463,-0.158824,0.250175,-0.817202,-0.691000,0.465690,-0.238938,-65.607048
-0.788552,-0.100347,0.472811,2.497639,0.318105,0.626037,-0.378293,201.055431
0.411912,0.240845,0.941966,-0.274209,-0.183974,0.142883,1.687110,155.359503
0.622387,-0.992029,-1.668154,1.132878,1.093963,0.036703,1.083309,-11.074215
2.098841,-0.126415,0.854940,-0.779677,-0.123759,-0.109633,-0.606722,25.668061
-1.273525,-1.192025,0.170575,0.780796,-0.714069,1.065230,1.308349,77.993811
0.137349,-0.855560,-0.961772,1.584356,0.533160,1.073358,0.803282,128.755242
-1.276227,1.349137,-2.003381,0.110569,1.012548,-0.887087,0.915200,-95.645534
0.875364,-1.105214,2.574814,2.013758,-0.907454,-0.954135,1.412939,177.680651
1.016402,1.127489,-0.193343,1.867705,0.344955,-0.202001,-0.576328,158.347544
-0.274986,-3.069647,-2.334334,0.660610,-0.359512,1.103014,1.461699,-172.975875
-0.978836,1.964910,-0.009256,0.861013,-0.059239,-0.141518,1.010663,171.329036
19.369182,-2.630818,16.369182,-0.112319,-1.092716,0.473506,18.369182,-93.014833
2.097153,-0.655642,-0.115078,0.561876,-2.925821,-0.806082,0.336679,-133.155339
0.883360,1.225672,1.155946,-0.314506,0.943721,0.227807,0.130255,228.202561
-1.213078,0.082309,-0.627502,1.737292,0.109115,0.135429,-0.508993,20.291123
0.858719,-0.828444,-1.758818,-1.447945,-1.037190,-0.151004,-0.336335,-299.399794
-0.662150,0.284901,0.187092,0.360025,1.308280,1.780992,-0.230860,246.682842
0.784507,-1.771158,1.726637,0.241000,-0.157132,1.630720,-0.521978,176.384653
-0.440244,-0.252978,1.147874,0.395575,-0.825347,-0.421930,0.238386,12.334250
1.059902,0.395926,-0.745928,0.219100,0.266699,-2.040518,-0.481926,-197.286579
-1.040797,-1.269212,-0.747628,0.209271,0.592609,-0.429766,-1.103905,-217.049585
-0.676166,-0.038939,-0.471366,0.248002,0.993985,-1.313690,-0.162030,-140.315271
-0.062532,-1.536032,-0.121558,-1.297877,2.255115,-0.711572,0.737165,-136.860723
-0.873743,0.777412,-1.224854,-0.492351,0.906916,-0.743679,-1.219593,-178.872893
-0.090650,0.164514,-1.027554,-0.790305,-0.568472,-0.852849,0.219280,-203.497276
-0.895933,-0.717063,0.560856,-0.829375,-0.763101,-0.747863,-1.049096,-222.498149
-0.465193,-0.822161,-1.817117,-0.525249,-0.491519,1.183255,-0.562228,-146.338227
-1.215609,1.708451,-1.060125,0.275450,-0.104009,0.321744,0.760525,75.990243
0.091581,-0.336369,-0.536184,-0.177643,-1.961138,0.977482,0.830915,-6.821498
-0.480328,0.005123,-0.648284,1.163150,-0.165456,0.336265,1.072752,78.185397
0.052914,-1.375230,0.323299,-1.991768,1.153243,0.151137,0.402148,-100.007365
-0.793987,-0.259037,1.256016,0.432610,-0.294031,0.130565,0.531803,97.988764
-0.036308,-0.295808,2.567811,-0.383467,0.915405,0.597355,-0.744065,199.957893
1.191799,0.563906,-0.309532,0.200675,-0.736217,-0.432477,-1.977338,-94.100598
-0.883695,0.034189,0.010690,-0.220974,0.394255,2.511403,-1.440449,168.066879
0.269392,-1.508342,-0.676857,0.962154,1.707268,0.269890,1.652882,75.534346
-1.014873,-1.429065,1.392223,-0.251489,-1.326470,-0.026177,-1.069724,-131.100823
1.211896,-0.150586,0.329621,0.486655,0.567305,-1.255328,1.200013,21.033083
-1.665005,2.076939,-0.211747,-1.523832,0.103411,-1.257369,1.821263,-57.036106
0.009681,1.131068,-0.003955,-1.057057,2.738851,-1.881395,-0.590677,-96.779516
-2.030704,0.665117,-1.008034,0.431441,-0.452345,0.737118,0.679212,24.287048
-1.157010,-0.929252,-1.276174,0.006029,-1.389729,-0.982758,0.625611,-301.509015
-0.321702,0.097469,-1.099003,-1.284341,-1.018154,0.473301,-0.574750,-165.439204
1.151233,0.893499,0.233625,-0.631530,-2.010946,0.610554,-0.049382,54.527741
-0.711041,1.787972,1.113770,0.958793,-0.497912,-1.000544,-0.547315,85.637921
-2.717729,-0.488790,-0.164846,1.445056,-0.423252,0.206205,-0.143121,-38.447389
0.261631,0.847886,1.088000,-0.170484,0.499090,0.598281,1.633195,273.419995
0.129076,0.798517,1.138028,0.793062,-0.374749,0.370595,-2.060800,114.683719
-0.023410,0.540728,-0.570701,0.245508,-0.286239,0.556271,-0.125952,46.516931
-0.335017,-0.354745,-0.872204,-0.338328,-0.457408,-0.032199,0.590519,-106.828436
1.020907,0.490549,0.866214,0.309988,0.750112,-1.056587,0.806698,94.166926
0.012451,-0.178771,-0.266311,-0.088163,-2.236293,0.747902,-0.341260,-56.826644
-0.027046,0.247339,1.765340,-0.052165,-0.560134,-0.957756,1.854283,98.413047
-0.336206,0.427204,0.138932,-0.951029,0.698827,-0.394688,-0.031838,-39.798920
0.326350,-0.100127,-0.806450,0.337556,0.977148,-0.278719,-1.367808,-84.130209
0.204282,1.335659,-0.977997,0.600984,-0.210992,0.882634,-0.783344,101.977159
-0.175162,0.501731,1.102194,-0.788162,0.351334,-0.234185,1.461123,111.445597
0.122350,-0.926823,0.284694,2.016989,0.510618,0.669089,-1.754616,87.427392
1.108238,-0.624082,1.074388,-0.771316,-0.527171,-0.268165,1.374070,35.049824
-0.345840,-2.312489,0.077244,-0.503016,0.078459,0.245611,-0.021834,-152.972871
0.908116,1.005304,-0.492160,-1.382023,-1.181970,0.426814,-0.532213,-45.526359
-0.194489,-0.480611,0.690094,1.400434,0.502048,1.853537,0.546660,314.000675
-1.115541,-0.048824,1.334788,-0.951743,0.318319,-1.085341,-0.036363,-90.008481
0.635225,-0.628314,1.276057,0.470905,1.685955,-0.747051,-0.805560,47.258919
-2.417622,-0.231279,1.016612,0.003455,-0.615078,-0.035961,-0.189626,-43.839035
0.038700,-0.652069,-0.072010,0.896335,-0.866005,-0.596085,0.763303,-54.228587
-0.347734,1.021857,1.911352,0.550946,0.812486,0.193513,-0.154006,262.177632
-1.724626,-0.012919,0.136228,-1.685521,0.564315,-1.450720,-0.406751,-271.654561
-0.989325,-0.736744,0.620703,1.543430,-0.201037,-1.119779,-0.013703,-63.348433
-1.003868,0.842765,-0.890242,-1.221306,1.159956,-0.838128,-0.511537,-165.740495
0.118063,-0.156734,1.352875,0.102616,-0.002214,1.131474,-0.320742,191.761740
1.055308,0.286943,-0.829508,0.865728,-0.507554,-1.448741,-0.433514,-142.263915
-0.057396,-0.699006,0.947743,1.293505,0.658126,0.537132,0.137812,174.822673
0.464668,-0.569919,0.406703,-1.884225,-0.213635,0.670909,-1.346914,-97.492748
-1.102000,0.578207,0.062416,0.744976,-0.652376,0.902191,0.924788,155.920811
-0.329952,-1.134139,-2.944834,0.292635,0.327611,0.538582,0.092116,-202.334117
-0.418336,0.363361,0.474342,-0.177253,-0.617013,0.190142,-0.202325,22.727000
-0.360950,-1.992930,0.820219,-0.266795,-1.197228,-1.525132,1.533054,-224.055410
1.234779,0.100586,-1.011971,-0.241169,1.067188,1.496015,-0.642639,115.738085
-0.433875,-2.668148,1.371414,1.956042,0.814987,-1.973989,0.418436,-124.488263
-0.174491,1.231297,0.546394,-0.375197,1.921650,-0.059107,-1.161976,106.774211
0.440660,0.588120,-0.119591,-2.366576,2.016492,-0.196452,-0.315917,-48.981847
0.216844,0.400296,0.372050,1.064329,0.967187,-1.460085,0.885410,44.962271
0.289659,-0.736575,0.266707,-0.330661,-0.599432,-1.414618,-0.231212,-209.576208
-0.715938,-0.038095,0.624493,0.460242,-1.288292,-0.701788,-1.776696,-143.444923
-0.341401,0.566373,-0.638937,1.445628,-0.191653,-1.013610,0.391604,-28.480175
1.256850,-1.671900,1.887924,0.884381,0.216568,-2.299885,0.335851,-95.262760
0.474296,0.873478,-0.675945,-0.064891,1.268066,-0.470145,1.565117,83.146106
0.220767,2.096951,0.973514,-0.020551,0.540221,1.133799,-0.867331,301.762789
0.530002,1.505944,-0.369558,0.169087,0.294225,-1.700669,-0.149002,-69.233724
-1.332637,0.276905,-0.740832,1.538492,0.117397,0.800846,-0.169025,90.537924
-0.293867,-1.028333,0.045417,1.584756,-2.154540,-0.076485,0.237999,-58.749845
1.272652,0.781893,0.870668,0.815467,-0.489773,1.823106,0.754388,384.372873
-0.921891,0.406889,-0.347754,-0.988631,0.556275,1.322616,0.068140,74.879798
-1.056492,0.783699,-0.716356,0.408968,0.554188,0.536609,-0.384394,50.355842
0.014106,-0.215096,0.696018,-2.411567,0.067880,-0.123164,1.197376,-57.877782
-0.618373,-1.950767,-0.166429,0.682523,-0.497689,-0.646381,0.059516,-194.357539
0.378559,-0.917909,-0.139522,-0.680417,0.122159,0.064368,0.931325,-45.721084
1.064592,0.174733,0.098985,0.996086,0.547258,-1.141690,0.603992,35.315987
1.871689,-2.092122,0.206385,-0.549153,0.543693,0.239120,-0.844732,-89.475048
1.056350,-1.172155,-0.810510,0.082846,-0.196013,0.479671,-0.385650,-73.668141
0.020967,0.288214,0.190899,0.126110,-0.904474,-0.942925,0.201405,-78.298940
-0.465011,-0.685961,0.396327,-0.142500,-1.219533,2.228896,-2.767065,22.831225
0.607682,-1.066378,0.053544,0.417510,-0.414627,0.495200,0.897500,46.999180
-0.178182,0.722404,0.249502,1.114496,-0.463784,0.490084,1.955791,233.517276
-0.217718,1.256928,-0.225185,1.350204,-0.169634,1.112220,0.520445,258.304746
0.502114,-0.920036,1.407505,0.441636,-0.882049,0.067961,1.116276,99.519922
2.991815,-0.208535,0.446495,1.883851,-0.328732,-0.618010,-0.381235,115.974095
-0.375574,1.119214,1.793254,-0.798947,-0.161848,1.127934,-0.972726,206.737033
3.355528,-1.254432,-0.852510,1.505122,-0.175563,0.016022,-1.398661,-26.993261
1.101616,-0.408056,0.519935,-0.251582,-0.718280,1.810854,0.422747,196.782494
0.976602,-1.774571,1.146887,-0.317791,-0.816945,2.190282,-1.499375,100.033193
0.468039,0.053497,0.253190,-0.004703,1.039448,0.115365,0.611371,108.685832
1.284228,-2.180995,-0.698877,0.531974,-0.942517,1.384853,1.327809,34.777563
0.092545,-1.471083,1.213975,0.714324,1.346526,0.751316,1.644135,225.626574
1.536171,-0.288843,-0.586610,1.183238,1.051698,-0.402013,-0.892614,9.917879
-0.372728,0.521607,1.342939,1.080241,0.677354,0.657509,0.409744,283.593788
-1.236855,-0.140761,1.006168,2.227466,-0.332927,2.451479,1.369114,437.768461
-0.344198,1.370506,0.040796,0.412156,-0.467269,0.203416,-0.511533,85.018830
1.104969,-2.067257,-0.414038,1.029932,-0.396936,0.718118,-1.921750,-97.073767
-0.558371,-1.142270,-0.052006,-1.816337,-2.010649,-0.003502,-0.060118,-268.752272
-2.332571,0.446233,-1.149665,1.389576,0.027941,0.934693,-0.286125,41.917203
0.799152,-0.612568,0.565715,-0.973236,-0.884515,0.445357,2.182709,71.556767
-2.913536,-1.723488,0.864206,-1.154791,1.594066,0.014522,-0.593971,-158.563708
0.801794,-0.411918,0.070835,0.330204,0.497156,0.044965,2.108904,129.952852
0.318524,0.773255,-0.285353,-0.515463,1.507091,0.999999,-0.163946,156.182661
0.931724,-1.327121,1.513739,0.029020,0.109783,-0.497797,1.330928,59.448798
-0.296336,-0.270532,0.508622,-0.332346,0.621837,-1.801683,0.107943,-158.558242
0.628048,0.071909,1.193463,-0.619227,-0.365806,0.327424,2.523897,195.590431
-0.449140,0.345196,-1.537731,-2.111172,-1.184650,0.413120,-0.088867,-221.462123
0.935552,2.016881,-0.673356,1.299426,2.467304,-0.784712,0.411867,209.009430
1.227847,0.033674,0.223385,-0.692900,0.934544,-1.158186,-1.637239,-135.349286
0.891929,-0.111985,0.234399,0.119050,-0.270087,-1.943364,-2.131386,-250.149337
-1.072736,0.700665,-0.464577,0.485810,-0.709393,0.747360,0.885576,94.249535
-1.460297,0.353113,1.187634,-0.061286,1.308861,0.618940,-0.536421,148.437196
1.125649,-0.166906,0.785552,0.073074,1.194018,2.201542,-1.521637,276.449167
0.933072,0.270961,-1.931811,1.524297,0.011207,-1.098016,-1.613016,-183.127983
0.809745,-0.379509,-0.582419,-1.021356,2.408143,-0.594020,-0.251541,-80.379285
0.048124,-1.322955,-0.547243,-0.345299,0.564003,1.211566,-2.032202,-85.282748
0.765809,-1.108177,-0.037875,1.774262,0.924328,-0.161441,-0.529333,42.045988
0.081685,-0.787725,-1.029124,-0.298717,0.244597,0.414307,-0.815250,-120.831272
1.787267,-0.054171,0.689061,0.004006,-0.051913,-0.431019,0.050636,51.972332
-0.209561,0.144004,1.232334,-1.016355,-0.393542,0.806211,1.160199,146.956676
-1.065888,2.230330,0.521630,-1.066681,-0.967488,0.032459,0.707261,87.360736
-1.414095,-0.365252,-0.194543,0.169477,0.198430,-0.388854,0.526072,-75.475620
-0.128896,-0.530157,0.678686,-0.336340,2.022984,-2.954166,-0.202018,-234.160968
0.033777,-0.831040,-0.619334,-0.343619,0.713781,0.682717,0.332488,-7.085610
-1.173131,-0.150775,0.252832,0.388261,1.028990,0.880158,0.081304,125.112942
2.685384,0.297620,1.239320,0.381290,-0.500866,-1.046155,0.372503,94.962766
20.917730,-1.082270,17.917730,-0.548538,1.071407,1.027945,19.917730,18.236793
1.950734,0.499459,0.385865,0.443157,1.572202,2.955386,0.750759,517.280255
-0.046040,0.162499,-0.652825,-0.347400,-0.202163,1.100248,-0.533320,22.852291
-0.043656,-0.894797,-0.652335,0.422420,1.139081,0.680237,0.519237,50.007092
-1.166186,-0.641097,0.282284,-0.133050,0.928328,0.697767,0.043709,44.027191
0.509614,1.171648,1.359395,0.359050,-0.497781,1.381699,0.203790,330.238403
-0.339068,1.573173,-0.028664,-0.295226,1.266235,-1.700914,-1.868346,-127.188734
0.457589,1.180519,0.111194,-1.154498,-1.194806,-0.052608,-0.121729,-22.469158
-1.559699,1.872684,0.002367,1.739695,-0.033308,-0.578376,-0.615749,88.866647
1.053849,0.773695,-0.901401,0.704078,0.547026,-0.681861,0.596936,31.898528
0.086692,2.163865,1.036776,0.328169,-1.312536,0.159746,1.244856,250.731738
2.781607,-0.084579,1.303718,0.355114,0.017488,-1.300939,-0.956052,14.604170
1.401062,-1.101574,-0.575106,1.637176,-0.770043,0.901440,0.247728,90.103410
-0.131462,-0.198837,-1.256376,1.493542,-0.854343,0.410402,0.421560,5.450235
0.325628,-0.046380,-0.394232,0.101900,1.433900,-1.432134,1.045833,-60.987126
-0.012978,0.028661,1.073871,1.021479,-1.060894,0.608034,0.861735,190.550048
-0.460870,1.840731,-1.871248,-1.093919,-1.325179,1.432494,0.013343,6.058465
-0.557970,0.647048,-1.035817,-0.125154,0.867680,-1.761760,0.392933,-179.215467
-0.277313,0.317923,-0.545117,-0.070623,0.428636,1.248983,0.039755,110.948551
-2.270862,0.862915,-3.277683,0.219488,-0.424470,0.841472,-0.847269,-192.993909
-2.191240,2.092431,0.517504,-0.093429,1.240159,0.212213,-0.585448,145.602860
0.341006,-1.315359,0.170162,-0.045569,0.027256,-1.117942,0.068173,-171.269248
0.053180,0.545038,-0.674259,0.680840,-2.324128,-1.467250,-2.372120,-302.103379
-0.736865,-1.002745,1.646614,0.710278,-1.158102,0.840881,-0.072894,108.157868
-1.432284,1.313501,-0.658415,0.000509,-0.822045,-0.521760,0.000624,-83.393159
-0.537268,-0.041260,0.860247,-0.134624,0.939686,2.403582,-1.064067,262.135102
-1.006133,-0.157462,0.237283,0.864219,-1.709099,0.082365,-0.914630,-65.755597
3.072530,0.607350,-0.369368,-1.403601,-0.884626,-1.100952,1.408516,-62.416751
0.005423,-0.750391,-0.316010,-1.253689,-0.526748,-2.232683,-1.561928,-443.935866
-1.679498,-0.765888,-0.978375,-0.192510,-0.341867,-0.491502,0.023157,-234.140913
-0.580098,0.019929,-0.051523,-1.573912,-0.883962,3.155110,-0.431550,155.080399
0.306150,-0.050980,1.083541,0.331913,-1.872493,2.272672,0.023741,256.097055
-0.682099,0.887428,0.774057,1.184834,-1.854697,1.451227,0.935895,272.048826
0.776449,0.837823,-0.781857,0.005487,-2.168980,-0.292345,1.653905,-18.657864
-1.097300,-1.028666,0.197354,-0.202138,0.224532,1.541803,-0.827866,32.519258
-2.175300,0.188699,-1.222115,2.386258,0.182800,-0.159946,1.603766,56.865476
0.649577,0.057917,-2.108233,-0.111388,-1.671276,0.452342,-0.548287,-171.663413
0.058685,0.926212,-0.265407,1.061560,-1.273782,-1.021864,0.252395,-35.887019
0.119611,0.363902,-0.903294,2.024970,0.320548,1.230965,-0.171488,201.381091
-1.162876,1.015116,0.766599,0.694640,0.117414,1.828962,-0.032321,308.021042
-1.242132,1.808043,1.216764,-0.884894,1.359468,-0.927351,-0.806457,41.492067
-0.434143,-0.373359,0.561028,2.041210,2.238420,1.073278,-1.094834,258.588348
-1.463410,-1.449781,-1.059556,-1.105363,-0.561824,-1.763125,1.992883,-379.019827
1.583144,0.453472,-1.784814,-0.955767,-1.230533,-1.102642,-0.257114,-269.982004
-0.063315,1.015481,-0.987110,1.665313,-1.454939,0.175405,0.202708,58.705211
1.806526,1.413532,0.490589,-0.844216,-0.237270,0.813943,-0.385510,182.652714
0.475407,-1.841082,0.815171,0.510326,0.599353,-1.198598,-0.309734,-127.869119
0.727125,1.138625,0.641310,2.434290,1.294245,0.492008,-0.101230,363.943120
-0.054934,1.009209,-1.115412,-0.193872,-0.106934,1.497214,-1.484477,55.422835
0.286366,-0.778260,0.395388,0.512193,1.237917,-0.887390,-0.608419,-53.231956
-0.129365,-0.018142,-0.735229,-0.249276,-1.062465,-1.083124,-1.599875,-282.548571
1.316712,2.447749,0.498896,0.201095,0.926137,0.388308,-0.326725,296.531540
1.629302,1.173147,-0.781322,0.657750,0.356296,1.433958,-0.111277,250.983499
-0.039173,1.803645,0.697679,-0.441069,0.573157,-1.443930,-0.305176,3.907618
0.468077,-0.582606,1.776984,2.098989,-1.027282,-0.142734,-1.092682,119.371890
-0.168994,-1.030231,-2.487561,-0.793595,-1.159647,-0.184274,0.948277,-309.299452
0.154377,-0.058656,2.049762,-1.084321,2.107908,1.814446,0.487709,360.221583
-1.222553,0.448308,-0.563099,1.463843,0.468626,-0.099585,2.434230,145.740370
-0.897505,-0.640786,0.027146,2.052155,-0.584421,-1.758763,0.606346,-119.133420
-0.083125,0.816279,-0.876149,0.786673,1.061384,-0.265069,-0.580293,20.292552
0.000938,-0.403578,1.749145,0.114856,-2.609493,-0.884475,0.016896,-78.611479
-0.344290,0.774552,0.920544,-1.536632,0.258322,-0.775032,-1.251559,-100.270055
-0.440631,-2.273364,-0.661622,0.874332,-0.510077,-1.177210,-0.779207,-321.895990
-1.723717,-1.749796,1.714229,-2.230462,0.993676,1.958960,-1.890503,-12.091909
2.088706,1.549044,-2.293980,1.007923,0.729033,0.591784,1.640114,204.886717
-0.870059,1.585084,0.733909,-0.840417,0.004821,1.224943,-0.626264,176.417622
-0.411788,0.486106,0.860527,-0.321950,-0.363255,1.154718,-0.450958,143.698095
0.736050,-0.754921,-1.176701,1.257460,-0.240667,-0.916264,0.793989,-106.341732
0.905624,-0.087692,1.350258,-0.604962,0.294580,0.067605,0.366013,113.104548
-0.094773,0.206045,0.019742,0.520815,0.453779,0.216092,-0.285209,66.720418
-2.318053,-0.201863,-0.592241,-1.168783,-0.571856,-0.738472,-0.255167,-287.331604
-1.649545,-0.892839,0.602621,-2.147413,-1.248589,-1.674684,0.755682,-358.219500
1.559960,-1.095970,-0.232111,1.195180,0.313922,1.445183,2.444601,279.443141
-0.892820,1.724379,-0.708280,-0.180404,0.775762,1.352527,0.569862,211.034538
-0.354661,-0.037520,0.986723,-1.383978,-0.273658,-0.191884,-0.682099,-77.251595
0.458804,0.512029,0.812835,0.688486,-2.553901,0.932454,0.036047,140.436064
20.360788,-1.639212,17.360788,-0.361451,-0.154421,-2.204884,19.360788,-279.416774
0.183077,0.020790,0.514546,-0.277750,-0.899805,1.326895,-1.501701,62.109749
1.426220,1.290584,-0.832875,0.638927,-0.002287,2.060333,-0.561721,278.014518
0.966994,0.012363,-1.664041,0.567820,0.329040,0.649395,0.357266,33.347085
0.821706,0.534647,-0.440209,-0.018775,-0.874779,0.671214,0.047207,60.949734
-1.540255,-0.296167,0.584948,-1.949318,0.143358,-0.502202,-0.184626,-180.388390
-1.803374,-0.958920,-0.190392,2.466194,1.063044,-1.468607,-0.479318,-113.200494
17.928446,-4.071554,14.928446,-0.621827,-0.006301,0.209467,16.928446,134.384915
-0.278843,-0.296531,0.503139,0.529775,1.018473,-0.487880,0.238063,37.150458
-1.268682,-0.875321,0.063649,-0.309940,0.927884,1.313265,1.292099,114.059485
0.274756,0.186371,1.446366,0.332754,0.966221,0.693284,1.103227,288.967155
0.298604,-0.260531,-0.413253,0.005325,0.536606,0.117669,1.491615,56.597736
-0.254655,-0.376837,-0.026850,-0.160981,-2.089619,0.386802,0.542760,-57.311320
-0.440471,-0.415869,0.638003,-0.455461,-0.928676,-0.117814,-0.879879,-101.515065
-1.165023,-0.728071,-0.724039,-0.493038,0.997090,-0.875934,0.095721,-202.365502
1.853510,-0.555673,-0.644748,1.143067,-0.259329,0.568510,-1.746511,7.434216
-0.778134,0.326704,0.962780,-0.684956,-1.133791,1.269148,-0.171085,105.331951
-0.226764,0.173283,0.646834,-1.040030,-0.441775,1.390110,0.029888,114.547059
0.160030,-0.009744,0.322030,-1.494679,0.638530,-0.000519,-0.558028,-56.620616
1.367481,0.778846,0.083511,-1.037251,-0.862874,0.342066,-0.573071,13.746774
21.446689,-0.553311,18.446689,0.611067,0.833166,0.695018,20.446689,61.199328
-0.091913,-0.250568,1.158676,-0.167352,0.251574,0.035253,1.082863,111.354870
-0.837741,0.430615,-0.655277,-0.171977,0.848548,-0.391800,-0.087179,-62.364300
0.265933,1.603855,-1.650447,-0.007632,1.313952,-0.538812,0.513652,9.731446
-0.254823,-0.303568,-0.181410,-1.177876,0.151198,0.442946,0.581841,-30.833679
-0.039866,-1.477256,-0.116392,0.454203,-0.617317,1.513508,-0.738114,17.726554
1.620658,1.100984,0.223765,0.088955,1.588064,-0.808111,0.168152,120.667618
-0.715284,-1.165125,0.571387,1.246596,-0.027901,-1.580973,-0.818699,-175.786267
19.917250,-2.082750,16.917250,-0.059002,1.799456,0.352789,18.917250,-67.859496
-0.000233,0.556857,0.785575,1.131242,0.167092,-0.559504,-1.682120,33.767999
20.472517,-1.527483,17.472517,0.214055,0.306574,0.121253,19.472517,168.072538
-0.098802,0.324698,1.025970,1.055944,0.859483,-1.542731,0.685506,56.349369
19.781568,-2.218432,16.781568,-1.247333,-1.559847,0.582297,18.781568,-287.080957
-0.763705,1.529235,0.766663,0.542262,-0.483727,-0.163837,0.928178,165.035116
1.244860,0.982063,0.176745,1.565065,-0.845120,0.597339,0.385624,240.073241
-1.244375,2.496336,-2.281869,0.098872,0.809461,-0.026304,0.498803,18.086842
-1.042207,-0.005813,-1.493688,-0.707407,0.998542,1.637603,0.473717,44.828133
0.230886,-1.834313,0.877105,-1.326913,-1.086734,0.368214,0.555479,-102.686924
-0.325728,-1.552760,1.320934,0.054972,1.772953,0.201993,-1.261999,19.703637
-0.034604,1.008674,1.083417,0.851485,-0.551826,1.711006,-0.948715,295.149739
0.548495,0.861770,0.441356,1.109286,0.728892,0.228721,-1.506514,148.526895
0.444131,-0.554610,0.297105,-1.757404,0.031663,-0.577200,1.165742,-106.701506
0.712907,0.164406,1.136796,-0.314402,1.819663,0.804740,-0.211978,229.216935
-0.565867,1.492633,0.159871,1.846078,-0.363612,-1.111173,-0.693443,41.137899
0.090143,-0.268335,-0.530594,-0.147309,-1.360437,0.737887,-1.030723,-80.000003
0.645396,0.103051,1.757183,-0.285458,-1.793888,1.113978,0.654309,203.198031
18.458941,-3.541059,15.458941,0.542287,-0.071939,-0.726585,17.458941,99.266897
1.176528,-0.655057,1.409650,1.102867,0.153069,-0.230382,-1.162036,84.881124
-2.067833,1.033419,-1.600442,-0.304900,0.550423,-0.335119,-0.204621,-141.662935
-1.160057,1.661441,-0.824953,-1.087338,-0.327867,-0.011114,2.104607,30.645133
-0.472148,1.490418,-1.168689,-0.002025,-1.570254,0.799093,-0.291861,9.059220
1.876483,0.143837,-0.823771,-0.247976,0.169870,0.442582,-0.470246,19.537257
-1.833391,0.754900,0.538340,-1.233367,0.356392,-0.866426,-0.961788,-145.772450
0.207515,-0.980961,-0.617400,-0.538401,1.285551,1.799824,0.092109,98.453462
-0.441152,-0.534369,-2.029423,0.522318,-1.653716,1.989017,-0.342115,-37.959153
-0.740567,1.265607,-0.081103,0.912255,-0.358160,0.064477,0.236904,108.227154
-1.774476,0.537845,1.009857,-0.785874,-1.222064,-0.230174,1.302561,-0.354931
-1.269175,1.511693,-0.643410,0.975788,1.346501,0.153774,-0.351447,119.950379
0.699376,-2.519843,1.521750,1.288962,-1.447314,0.398573,0.121117,28.473120
1.298926,-0.361158,-0.566572,1.145673,-1.685729,-0.819063,0.691306,-76.774016
1.002171,-0.462036,0.440910,-1.533866,0.627478,-0.232852,-0.251787,-66.556122
-0.104343,-0.711365,-0.053118,-0.619377,1.151885,-1.070277,0.203846,-141.098935
0.251761,-0.741937,-1.978058,0.737340,-0.179684,0.030394,0.039901,-139.810487
0.689624,0.668224,1.635104,-1.401723,0.362032,-0.117839,1.633718,168.220783
-0.535955,0.518868,0.924383,0.458465,-0.697824,-1.234058,0.275343,-27.212450
0.084084,1.029948,-0.259728,-0.568674,-0.691331,0.722989,-0.428944,46.185362
1.998034,-0.333986,-1.187328,0.130360,-1.024018,1.512900,-1.234467,17.929077
1.408535,0.896849,0.531869,0.595968,-0.513090,-0.017565,0.506150,166.836484
1.177357,-1.821673,1.944171,-0.198812,0.294536,-2.078250,-0.583329,-176.867447
-1.259830,-0.136364,-0.179179,0.836266,-1.698281,1.371281,-0.771430,31.332466
0.341031,0.187602,0.775998,0.986335,-0.486426,0.002657,0.075723,116.031919
0.985585,-0.243856,0.083434,1.636517,-0.743541,-0.584796,1.095441,69.231885
-0.858740,1.094320,-0.854644,0.162675,0.504119,0.525144,1.713355,137.005287
0.222085,0.821953,0.623868,-2.797613,-0.555437,0.826617,-0.681168,-20.356407
-0.330251,-1.199111,-1.313759,0.053885,0.597288,0.620191,2.032698,-6.415856
-0.917051,1.380520,0.104298,-0.691049,-0.753201,-0.370475,0.585029,-8.008379
0.781615,1.192665,1.064333,-1.050472,-0.383172,-0.892998,2.210887,104.126157
-0.586894,1.518723,-0.042235,-0.809848,0.031600,-0.142151,3.105695,149.643330
17.204775,-4.795225,14.204775,2.255654,-0.331000,-1.542737,16.204775,-157.999057
-0.972009,-2.407630,0.587311,-0.649932,-0.122734,1.168368,-0.171628,-71.342827
-0.490496,1.135831,0.030637,1.373673,0.892319,2.191151,-1.037881,342.288062
-0.677069,0.528369,-0.767522,-0.190867,1.185845,2.124831,1.172626,252.481957
1.133811,0.472831,-0.107662,-1.592943,0.342375,-0.744512,-0.609196,-120.954436
1.281078,0.503485,-0.151320,1.602924,1.153353,-0.076641,-0.830804,145.441856
0.223880,0.820533,-0.821066,1.126437,-0.150907,-1.454690,0.320288,-72.180515
0.241242,-0.143473,-0.225721,1.347225,0.792140,2.305539,-0.879554,275.858983
0.857152,-1.245060,-0.908592,1.624241,-0.544840,1.648503,0.010291,113.869053
1.433100,-0.100397,1.410229,-0.709095,-0.258670,1.146074,-0.007020,195.741833
-2.645514,0.396717,0.798791,-1.053178,0.544348,-0.937037,0.747533,-91.281476
0.951824,1.877465,0.592212,0.494655,-0.272179,-1.754419,0.213413,40.596308
-0.649055,2.250447,0.050658,0.458752,-0.976987,-0.242674,-0.236294,84.798304
0.401475,-1.202080,0.368570,-0.498847,1.485823,0.764887,-0.779159,29.819166
0.944039,0.227991,0.255304,-0.712070,0.244434,0.431812,0.746489,101.608897
2.122880,-0.361906,-1.332880,-0.846703,-0.702060,2.043872,-0.148037,64.758334
0.266245,1.397354,1.509564,1.370134,0.804391,0.534967,1.777151,434.410160
-1.505783,0.794962,-1.641955,-0.347481,-0.564938,0.783826,0.296025,-56.133427
0.772123,0.766021,0.324218,2.360301,-0.638916,-0.709773,-1.504165,67.375799
-0.676048,-0.049460,1.346456,-0.581393,0.704150,-0.663800,1.276513,53.977966
-0.956361,1.134887,-1.303034,-0.399343,-0.338773,-1.835447,0.836467,-225.860045
0.334329,-0.953945,1.509498,-0.793402,0.387763,-0.843945,-0.641429,-85.634379
-1.377785,0.096427,-1.521515,1.992940,-1.096590,-0.479227,0.184663,-107.410336
-0.435295,0.140207,0.942962,-1.645691,1.609170,-1.650086,0.634685,-105.620760
0.014421,0.688119,-2.423056,-0.322404,0.729066,-0.969153,1.049960,-168.383084
-1.400668,-1.007766,-0.563589,-0.326094,0.272883,-0.246647,0.551724,-151.503777
0.326712,1.891110,-0.630462,0.214872,-1.023529,0.732569,-1.342921,75.724414
-0.702116,-0.451787,-0.180911,-2.285465,-0.018449,-0.923904,0.294587,-266.931914
0.293137,0.897074,-1.298312,1.955612,0.889273,-0.306387,0.209092,93.715199
0.282690,0.050354,1.425653,-1.161855,-1.747930,0.139809,-0.213013,-12.600207
-1.664104,2.324017,-0.250653,0.872414,1.342286,-2.038352,0.819126,15.241368
1.659154,-0.181701,-0.631514,0.647488,-1.632113,0.504510,-0.035939,14.401320
-0.717258,-1.467441,0.481681,-0.690198,0.440336,-0.753622,1.937748,-94.806974
0.535969,-0.292287,0.029090,-0.410562,1.331764,0.469097,-0.005309,70.108668
0.040811,-0.556865,-0.976174,-0.508815,0.583959,0.547107,-0.054738,-57.910141
0.824797,-1.612906,-0.657079,-0.312152,0.511047,-0.222709,-0.207726,-155.211772
3.232056,-0.696432,-0.527319,1.888854,0.791039,-0.435322,-1.012363,56.148080
0.932983,0.244161,-1.029776,1.308718,1.151432,-1.541863,-1.419823,-127.631114
-1.471246,0.111333,0.850134,-1.499210,-0.719294,0.074110,0.106765,-71.543603
0.335770,0.786385,0.374152,0.498240,0.995740,0.683708,-0.762217,185.013622
-1.077206,-1.215953,0.372414,-0.432758,-0.748024,1.268794,1.614157,60.324955
-0.255239,0.140993,-1.736632,0.503276,1.503247,-1.496876,-2.242280,-278.197950
2.509077,0.248713,1.310624,-1.306843,-0.389830,0.575859,0.110950,151.380004
0.679666,-1.181510,0.596254,1.142151,-1.122456,0.509127,0.362215,72.974082
